-- MySQL dump 10.13  Distrib 8.1.0, for macos13.3 (arm64)
--
-- Host: localhost    Database: flight_booking_d
-- ------------------------------------------------------
-- Server version	8.1.0

/*!40101 SET @OLD_CHARACTER_SET_CLIENT=@@CHARACTER_SET_CLIENT */;
/*!40101 SET @OLD_CHARACTER_SET_RESULTS=@@CHARACTER_SET_RESULTS */;
/*!40101 SET @OLD_COLLATION_CONNECTION=@@COLLATION_CONNECTION */;
/*!50503 SET NAMES utf8mb4 */;
/*!40103 SET @OLD_TIME_ZONE=@@TIME_ZONE */;
/*!40103 SET TIME_ZONE='+00:00' */;
/*!40014 SET @OLD_UNIQUE_CHECKS=@@UNIQUE_CHECKS, UNIQUE_CHECKS=0 */;
/*!40014 SET @OLD_FOREIGN_KEY_CHECKS=@@FOREIGN_KEY_CHECKS, FOREIGN_KEY_CHECKS=0 */;
/*!40101 SET @OLD_SQL_MODE=@@SQL_MODE, SQL_MODE='NO_AUTO_VALUE_ON_ZERO' */;
/*!40111 SET @OLD_SQL_NOTES=@@SQL_NOTES, SQL_NOTES=0 */;

--
-- Table structure for table `admin_tables`
--

DROP TABLE IF EXISTS `admin_tables`;
/*!40101 SET @saved_cs_client     = @@character_set_client */;
/*!50503 SET character_set_client = utf8mb4 */;
CREATE TABLE `admin_tables` (
  `id` bigint unsigned NOT NULL AUTO_INCREMENT,
  `created_at` datetime(3) DEFAULT NULL,
  `updated_at` datetime(3) DEFAULT NULL,
  `deleted_at` datetime(3) DEFAULT NULL,
  `email` longtext,
  `password` longtext,
  `phone` longtext,
  PRIMARY KEY (`id`),
  KEY `idx_admin_tables_deleted_at` (`deleted_at`)
) ENGINE=InnoDB AUTO_INCREMENT=2 DEFAULT CHARSET=utf8mb4 COLLATE=utf8mb4_0900_ai_ci;
/*!40101 SET character_set_client = @saved_cs_client */;

--
-- Dumping data for table `admin_tables`
--

LOCK TABLES `admin_tables` WRITE;
/*!40000 ALTER TABLE `admin_tables` DISABLE KEYS */;
INSERT INTO `admin_tables` VALUES (1,NULL,NULL,NULL,'raedam786@gmail.com','$2a$10$S4bdEuFdp/po9lLUnH24Q.oRmuTKE0YSw86Jx7G5UlZMK3Tqj7AcK','7902498141');
/*!40000 ALTER TABLE `admin_tables` ENABLE KEYS */;
UNLOCK TABLES;

--
-- Table structure for table `airline_baggages`
--

DROP TABLE IF EXISTS `airline_baggages`;
/*!40101 SET @saved_cs_client     = @@character_set_client */;
/*!50503 SET character_set_client = utf8mb4 */;
CREATE TABLE `airline_baggages` (
  `id` bigint unsigned NOT NULL AUTO_INCREMENT,
  `created_at` datetime(3) DEFAULT NULL,
  `updated_at` datetime(3) DEFAULT NULL,
  `deleted_at` datetime(3) DEFAULT NULL,
  `airline_id` bigint DEFAULT NULL,
  `fare_class` longtext,
  `cabin_allowed_weight` bigint DEFAULT NULL,
  `cabin_allowed_length` bigint DEFAULT NULL,
  `cabin_allowed_breadth` bigint DEFAULT NULL,
  `cabin_allowed_height` bigint DEFAULT NULL,
  `hand_allowed_weight` bigint DEFAULT NULL,
  `hand_allowed_length` bigint DEFAULT NULL,
  `hand_allowed_breadth` bigint DEFAULT NULL,
  `hand_allowed_height` bigint DEFAULT NULL,
  `fee_extra_per_kg_cabin` bigint DEFAULT NULL,
  `fee_extra_per_kg_hand` bigint DEFAULT NULL,
  `restrictions` longtext,
  PRIMARY KEY (`id`),
  KEY `idx_airline_baggages_deleted_at` (`deleted_at`)
) ENGINE=InnoDB AUTO_INCREMENT=11 DEFAULT CHARSET=utf8mb4 COLLATE=utf8mb4_0900_ai_ci;
/*!40101 SET character_set_client = @saved_cs_client */;

--
-- Dumping data for table `airline_baggages`
--

LOCK TABLES `airline_baggages` WRITE;
/*!40000 ALTER TABLE `airline_baggages` DISABLE KEYS */;
INSERT INTO `airline_baggages` VALUES (1,'2023-11-18 15:43:30.723','2023-11-18 15:43:30.723',NULL,4,'2',12,25,35,45,6,12,35,6,60,30,'Additional restrictions apply.'),(2,'2023-11-18 15:50:50.382','2023-11-18 15:50:50.382',NULL,4,'2',12,25,35,45,6,12,35,6,60,30,'Additional restrictions apply.'),(3,'2023-11-18 15:58:46.687','2023-11-18 15:58:46.687',NULL,4,'2',12,25,35,45,6,12,35,6,60,30,'Additional restrictions apply.'),(4,'2023-11-18 15:59:07.609','2023-11-18 15:59:07.609',NULL,4,'1',8,18,28,38,4,8,28,4,40,20,'Please adhere to all cabin baggage restrictions.'),(5,'2023-11-18 15:59:37.340','2023-11-18 15:59:37.340',NULL,3,'1',8,18,28,38,4,8,28,4,40,20,'Please adhere to all cabin baggage restrictions.'),(6,'2023-11-18 15:59:46.936','2023-11-18 15:59:46.936',NULL,3,'2',12,25,35,45,6,12,35,6,60,30,'Additional restrictions apply.'),(7,'2023-11-18 16:00:20.293','2023-11-18 16:00:20.293','2024-01-26 21:41:31.819',2,'2',12,25,35,45,6,12,35,6,60,30,'Additional restrictions apply.'),(8,'2023-11-18 16:00:30.486','2023-11-18 16:00:30.486',NULL,2,'1',8,18,28,38,4,8,28,4,40,20,'Please adhere to all cabin baggage restrictions.'),(9,'2023-11-18 16:01:06.588','2023-11-18 16:01:06.588',NULL,1,'1',8,18,28,38,4,8,28,4,40,20,'Please adhere to all cabin baggage restrictions.'),(10,'2023-11-18 16:01:13.613','2023-11-18 16:01:13.613',NULL,1,'2',12,25,35,45,6,12,35,6,60,30,'Additional restrictions apply.');
/*!40000 ALTER TABLE `airline_baggages` ENABLE KEYS */;
UNLOCK TABLES;

--
-- Table structure for table `airline_cancellations`
--

DROP TABLE IF EXISTS `airline_cancellations`;
/*!40101 SET @saved_cs_client     = @@character_set_client */;
/*!50503 SET character_set_client = utf8mb4 */;
CREATE TABLE `airline_cancellations` (
  `id` bigint unsigned NOT NULL AUTO_INCREMENT,
  `created_at` datetime(3) DEFAULT NULL,
  `updated_at` datetime(3) DEFAULT NULL,
  `deleted_at` datetime(3) DEFAULT NULL,
  `airline_id` bigint DEFAULT NULL,
  `fare_class` longtext,
  `cancellation_deadline_before` bigint DEFAULT NULL,
  `cancellation_percentage` bigint DEFAULT NULL,
  `refundable` tinyint(1) DEFAULT NULL,
  PRIMARY KEY (`id`),
  KEY `idx_airline_cancellations_deleted_at` (`deleted_at`)
) ENGINE=InnoDB AUTO_INCREMENT=9 DEFAULT CHARSET=utf8mb4 COLLATE=utf8mb4_0900_ai_ci;
/*!40101 SET character_set_client = @saved_cs_client */;

--
-- Dumping data for table `airline_cancellations`
--

LOCK TABLES `airline_cancellations` WRITE;
/*!40000 ALTER TABLE `airline_cancellations` DISABLE KEYS */;
INSERT INTO `airline_cancellations` VALUES (1,'2023-11-18 16:01:57.181','2023-11-18 16:01:57.181',NULL,1,'1',24,10,1),(2,'2023-11-18 16:02:16.602','2023-11-18 16:02:16.602',NULL,1,'2',48,10,1),(3,'2023-11-18 16:02:48.772','2023-11-18 16:02:48.772',NULL,3,'2',48,10,1),(4,'2023-11-18 16:02:57.926','2023-11-18 16:02:57.926',NULL,3,'1',24,10,1),(5,'2023-11-18 16:03:15.304','2023-11-18 16:03:15.304',NULL,2,'1',24,10,1),(6,'2023-11-18 16:03:22.693','2023-11-18 16:03:22.693',NULL,2,'2',48,10,1),(7,'2023-11-18 16:03:50.327','2023-11-18 16:03:50.327',NULL,4,'2',48,10,1),(8,'2023-11-18 16:03:56.792','2023-11-18 16:03:56.792',NULL,4,'1',24,10,1);
/*!40000 ALTER TABLE `airline_cancellations` ENABLE KEYS */;
UNLOCK TABLES;

--
-- Table structure for table `airline_seats`
--

DROP TABLE IF EXISTS `airline_seats`;
/*!40101 SET @saved_cs_client     = @@character_set_client */;
/*!50503 SET character_set_client = utf8mb4 */;
CREATE TABLE `airline_seats` (
  `id` bigint unsigned NOT NULL AUTO_INCREMENT,
  `created_at` datetime(3) DEFAULT NULL,
  `updated_at` datetime(3) DEFAULT NULL,
  `deleted_at` datetime(3) DEFAULT NULL,
  `airline_id` bigint DEFAULT NULL,
  `economy_seat_number` bigint DEFAULT NULL,
  `business_seat_number` bigint DEFAULT NULL,
  `economy_seats_per_row` bigint DEFAULT NULL,
  `business_seats_per_row` bigint DEFAULT NULL,
  `economy_seat_layout` longblob,
  `business_seat_layout` longblob,
  PRIMARY KEY (`id`),
  KEY `idx_airline_seats_deleted_at` (`deleted_at`)
) ENGINE=InnoDB AUTO_INCREMENT=9 DEFAULT CHARSET=utf8mb4 COLLATE=utf8mb4_0900_ai_ci;
/*!40101 SET character_set_client = @saved_cs_client */;

--
-- Dumping data for table `airline_seats`
--

LOCK TABLES `airline_seats` WRITE;
/*!40000 ALTER TABLE `airline_seats` DISABLE KEYS */;
INSERT INTO `airline_seats` VALUES (1,'2023-11-18 16:05:05.568','2023-11-18 16:05:05.568',NULL,4,200,50,4,2,_binary '{\"Rows\":[[false,false,false,false,false,false,false,false],[false,false,false,false,false,false,false,false],[false,false,false,false,false,false,false,false],[false,false,false,false,false,false,false,false],[false,false,false,false,false,false,false,false],[false,false,false,false,false,false,false,false],[false,false,false,false,false,false,false,false],[false,false,false,false,false,false,false,false],[false,false,false,false,false,false,false,false],[false,false,false,false,false,false,false,false],[false,false,false,false,false,false,false,false],[false,false,false,false,false,false,false,false],[false,false,false,false,false,false,false,false],[false,false,false,false,false,false,false,false],[false,false,false,false,false,false,false,false],[false,false,false,false,false,false,false,false],[false,false,false,false,false,false,false,false],[false,false,false,false,false,false,false,false],[false,false,false,false,false,false,false,false],[false,false,false,false,false,false,false,false],[false,false,false,false,false,false,false,false],[false,false,false,false,false,false,false,false],[false,false,false,false,false,false,false,false],[false,false,false,false,false,false,false,false],[false,false,false,false,false,false,false,false],[false,false,false,false,false,false,false,false],[false,false,false,false,false,false,false,false],[false,false,false,false,false,false,false,false],[false,false,false,false,false,false,false,false],[false,false,false,false,false,false,false,false],[false,false,false,false,false,false,false,false],[false,false,false,false,false,false,false,false],[false,false,false,false,false,false,false,false],[false,false,false,false,false,false,false,false],[false,false,false,false,false,false,false,false],[false,false,false,false,false,false,false,false],[false,false,false,false,false,false,false,false],[false,false,false,false,false,false,false,false],[false,false,false,false,false,false,false,false],[false,false,false,false,false,false,false,false],[false,false,false,false,false,false,false,false],[false,false,false,false,false,false,false,false],[false,false,false,false,false,false,false,false],[false,false,false,false,false,false,false,false],[false,false,false,false,false,false,false,false],[false,false,false,false,false,false,false,false],[false,false,false,false,false,false,false,false],[false,false,false,false,false,false,false,false],[false,false,false,false,false,false,false,false],[false,false,false,false,false,false,false,false]]}',_binary '{\"Rows\":[[false,false,false,false],[false,false,false,false],[false,false,false,false],[false,false,false,false],[false,false,false,false],[false,false,false,false],[false,false,false,false],[false,false,false,false],[false,false,false,false],[false,false,false,false],[false,false,false,false],[false,false,false,false],[false,false,false,false],[false,false,false,false],[false,false,false,false],[false,false,false,false],[false,false,false,false],[false,false,false,false],[false,false,false,false],[false,false,false,false],[false,false,false,false],[false,false,false,false],[false,false,false,false],[false,false,false,false],[false,false,false,false]]}'),(2,'2023-11-18 16:05:13.452','2023-11-18 16:05:13.452',NULL,4,180,40,3,2,_binary '{\"Rows\":[[false,false,false,false,false,false],[false,false,false,false,false,false],[false,false,false,false,false,false],[false,false,false,false,false,false],[false,false,false,false,false,false],[false,false,false,false,false,false],[false,false,false,false,false,false],[false,false,false,false,false,false],[false,false,false,false,false,false],[false,false,false,false,false,false],[false,false,false,false,false,false],[false,false,false,false,false,false],[false,false,false,false,false,false],[false,false,false,false,false,false],[false,false,false,false,false,false],[false,false,false,false,false,false],[false,false,false,false,false,false],[false,false,false,false,false,false],[false,false,false,false,false,false],[false,false,false,false,false,false],[false,false,false,false,false,false],[false,false,false,false,false,false],[false,false,false,false,false,false],[false,false,false,false,false,false],[false,false,false,false,false,false],[false,false,false,false,false,false],[false,false,false,false,false,false],[false,false,false,false,false,false],[false,false,false,false,false,false],[false,false,false,false,false,false],[false,false,false,false,false,false],[false,false,false,false,false,false],[false,false,false,false,false,false],[false,false,false,false,false,false],[false,false,false,false,false,false],[false,false,false,false,false,false],[false,false,false,false,false,false],[false,false,false,false,false,false],[false,false,false,false,false,false],[false,false,false,false,false,false],[false,false,false,false,false,false],[false,false,false,false,false,false],[false,false,false,false,false,false],[false,false,false,false,false,false],[false,false,false,false,false,false],[false,false,false,false,false,false],[false,false,false,false,false,false],[false,false,false,false,false,false],[false,false,false,false,false,false],[false,false,false,false,false,false],[false,false,false,false,false,false],[false,false,false,false,false,false],[false,false,false,false,false,false],[false,false,false,false,false,false],[false,false,false,false,false,false],[false,false,false,false,false,false],[false,false,false,false,false,false],[false,false,false,false,false,false],[false,false,false,false,false,false],[false,false,false,false,false,false]]}',_binary '{\"Rows\":[[false,false,false,false],[false,false,false,false],[false,false,false,false],[false,false,false,false],[false,false,false,false],[false,false,false,false],[false,false,false,false],[false,false,false,false],[false,false,false,false],[false,false,false,false],[false,false,false,false],[false,false,false,false],[false,false,false,false],[false,false,false,false],[false,false,false,false],[false,false,false,false],[false,false,false,false],[false,false,false,false],[false,false,false,false],[false,false,false,false]]}'),(3,'2023-11-18 16:05:52.624','2023-11-18 16:05:52.624',NULL,3,180,40,3,2,_binary '{\"Rows\":[[false,false,false,false,false,false],[false,false,false,false,false,false],[false,false,false,false,false,false],[false,false,false,false,false,false],[false,false,false,false,false,false],[false,false,false,false,false,false],[false,false,false,false,false,false],[false,false,false,false,false,false],[false,false,false,false,false,false],[false,false,false,false,false,false],[false,false,false,false,false,false],[false,false,false,false,false,false],[false,false,false,false,false,false],[false,false,false,false,false,false],[false,false,false,false,false,false],[false,false,false,false,false,false],[false,false,false,false,false,false],[false,false,false,false,false,false],[false,false,false,false,false,false],[false,false,false,false,false,false],[false,false,false,false,false,false],[false,false,false,false,false,false],[false,false,false,false,false,false],[false,false,false,false,false,false],[false,false,false,false,false,false],[false,false,false,false,false,false],[false,false,false,false,false,false],[false,false,false,false,false,false],[false,false,false,false,false,false],[false,false,false,false,false,false],[false,false,false,false,false,false],[false,false,false,false,false,false],[false,false,false,false,false,false],[false,false,false,false,false,false],[false,false,false,false,false,false],[false,false,false,false,false,false],[false,false,false,false,false,false],[false,false,false,false,false,false],[false,false,false,false,false,false],[false,false,false,false,false,false],[false,false,false,false,false,false],[false,false,false,false,false,false],[false,false,false,false,false,false],[false,false,false,false,false,false],[false,false,false,false,false,false],[false,false,false,false,false,false],[false,false,false,false,false,false],[false,false,false,false,false,false],[false,false,false,false,false,false],[false,false,false,false,false,false],[false,false,false,false,false,false],[false,false,false,false,false,false],[false,false,false,false,false,false],[false,false,false,false,false,false],[false,false,false,false,false,false],[false,false,false,false,false,false],[false,false,false,false,false,false],[false,false,false,false,false,false],[false,false,false,false,false,false],[false,false,false,false,false,false]]}',_binary '{\"Rows\":[[false,false,false,false],[false,false,false,false],[false,false,false,false],[false,false,false,false],[false,false,false,false],[false,false,false,false],[false,false,false,false],[false,false,false,false],[false,false,false,false],[false,false,false,false],[false,false,false,false],[false,false,false,false],[false,false,false,false],[false,false,false,false],[false,false,false,false],[false,false,false,false],[false,false,false,false],[false,false,false,false],[false,false,false,false],[false,false,false,false]]}'),(4,'2023-11-18 16:05:58.920','2023-11-18 16:05:58.920',NULL,3,200,50,4,2,_binary '{\"Rows\":[[false,false,false,false,false,false,false,false],[false,false,false,false,false,false,false,false],[false,false,false,false,false,false,false,false],[false,false,false,false,false,false,false,false],[false,false,false,false,false,false,false,false],[false,false,false,false,false,false,false,false],[false,false,false,false,false,false,false,false],[false,false,false,false,false,false,false,false],[false,false,false,false,false,false,false,false],[false,false,false,false,false,false,false,false],[false,false,false,false,false,false,false,false],[false,false,false,false,false,false,false,false],[false,false,false,false,false,false,false,false],[false,false,false,false,false,false,false,false],[false,false,false,false,false,false,false,false],[false,false,false,false,false,false,false,false],[false,false,false,false,false,false,false,false],[false,false,false,false,false,false,false,false],[false,false,false,false,false,false,false,false],[false,false,false,false,false,false,false,false],[false,false,false,false,false,false,false,false],[false,false,false,false,false,false,false,false],[false,false,false,false,false,false,false,false],[false,false,false,false,false,false,false,false],[false,false,false,false,false,false,false,false],[false,false,false,false,false,false,false,false],[false,false,false,false,false,false,false,false],[false,false,false,false,false,false,false,false],[false,false,false,false,false,false,false,false],[false,false,false,false,false,false,false,false],[false,false,false,false,false,false,false,false],[false,false,false,false,false,false,false,false],[false,false,false,false,false,false,false,false],[false,false,false,false,false,false,false,false],[false,false,false,false,false,false,false,false],[false,false,false,false,false,false,false,false],[false,false,false,false,false,false,false,false],[false,false,false,false,false,false,false,false],[false,false,false,false,false,false,false,false],[false,false,false,false,false,false,false,false],[false,false,false,false,false,false,false,false],[false,false,false,false,false,false,false,false],[false,false,false,false,false,false,false,false],[false,false,false,false,false,false,false,false],[false,false,false,false,false,false,false,false],[false,false,false,false,false,false,false,false],[false,false,false,false,false,false,false,false],[false,false,false,false,false,false,false,false],[false,false,false,false,false,false,false,false],[false,false,false,false,false,false,false,false]]}',_binary '{\"Rows\":[[false,false,false,false],[false,false,false,false],[false,false,false,false],[false,false,false,false],[false,false,false,false],[false,false,false,false],[false,false,false,false],[false,false,false,false],[false,false,false,false],[false,false,false,false],[false,false,false,false],[false,false,false,false],[false,false,false,false],[false,false,false,false],[false,false,false,false],[false,false,false,false],[false,false,false,false],[false,false,false,false],[false,false,false,false],[false,false,false,false],[false,false,false,false],[false,false,false,false],[false,false,false,false],[false,false,false,false],[false,false,false,false]]}'),(5,'2023-11-18 16:06:33.943','2023-11-18 16:06:33.943',NULL,2,200,50,4,2,_binary '{\"Rows\":[[false,false,false,false,false,false,false,false],[false,false,false,false,false,false,false,false],[false,false,false,false,false,false,false,false],[false,false,false,false,false,false,false,false],[false,false,false,false,false,false,false,false],[false,false,false,false,false,false,false,false],[false,false,false,false,false,false,false,false],[false,false,false,false,false,false,false,false],[false,false,false,false,false,false,false,false],[false,false,false,false,false,false,false,false],[false,false,false,false,false,false,false,false],[false,false,false,false,false,false,false,false],[false,false,false,false,false,false,false,false],[false,false,false,false,false,false,false,false],[false,false,false,false,false,false,false,false],[false,false,false,false,false,false,false,false],[false,false,false,false,false,false,false,false],[false,false,false,false,false,false,false,false],[false,false,false,false,false,false,false,false],[false,false,false,false,false,false,false,false],[false,false,false,false,false,false,false,false],[false,false,false,false,false,false,false,false],[false,false,false,false,false,false,false,false],[false,false,false,false,false,false,false,false],[false,false,false,false,false,false,false,false],[false,false,false,false,false,false,false,false],[false,false,false,false,false,false,false,false],[false,false,false,false,false,false,false,false],[false,false,false,false,false,false,false,false],[false,false,false,false,false,false,false,false],[false,false,false,false,false,false,false,false],[false,false,false,false,false,false,false,false],[false,false,false,false,false,false,false,false],[false,false,false,false,false,false,false,false],[false,false,false,false,false,false,false,false],[false,false,false,false,false,false,false,false],[false,false,false,false,false,false,false,false],[false,false,false,false,false,false,false,false],[false,false,false,false,false,false,false,false],[false,false,false,false,false,false,false,false],[false,false,false,false,false,false,false,false],[false,false,false,false,false,false,false,false],[false,false,false,false,false,false,false,false],[false,false,false,false,false,false,false,false],[false,false,false,false,false,false,false,false],[false,false,false,false,false,false,false,false],[false,false,false,false,false,false,false,false],[false,false,false,false,false,false,false,false],[false,false,false,false,false,false,false,false],[false,false,false,false,false,false,false,false]]}',_binary '{\"Rows\":[[false,false,false,false],[false,false,false,false],[false,false,false,false],[false,false,false,false],[false,false,false,false],[false,false,false,false],[false,false,false,false],[false,false,false,false],[false,false,false,false],[false,false,false,false],[false,false,false,false],[false,false,false,false],[false,false,false,false],[false,false,false,false],[false,false,false,false],[false,false,false,false],[false,false,false,false],[false,false,false,false],[false,false,false,false],[false,false,false,false],[false,false,false,false],[false,false,false,false],[false,false,false,false],[false,false,false,false],[false,false,false,false]]}'),(6,'2023-11-18 16:06:39.357','2023-11-18 16:06:39.357',NULL,2,180,40,3,2,_binary '{\"Rows\":[[false,false,false,false,false,false],[false,false,false,false,false,false],[false,false,false,false,false,false],[false,false,false,false,false,false],[false,false,false,false,false,false],[false,false,false,false,false,false],[false,false,false,false,false,false],[false,false,false,false,false,false],[false,false,false,false,false,false],[false,false,false,false,false,false],[false,false,false,false,false,false],[false,false,false,false,false,false],[false,false,false,false,false,false],[false,false,false,false,false,false],[false,false,false,false,false,false],[false,false,false,false,false,false],[false,false,false,false,false,false],[false,false,false,false,false,false],[false,false,false,false,false,false],[false,false,false,false,false,false],[false,false,false,false,false,false],[false,false,false,false,false,false],[false,false,false,false,false,false],[false,false,false,false,false,false],[false,false,false,false,false,false],[false,false,false,false,false,false],[false,false,false,false,false,false],[false,false,false,false,false,false],[false,false,false,false,false,false],[false,false,false,false,false,false],[false,false,false,false,false,false],[false,false,false,false,false,false],[false,false,false,false,false,false],[false,false,false,false,false,false],[false,false,false,false,false,false],[false,false,false,false,false,false],[false,false,false,false,false,false],[false,false,false,false,false,false],[false,false,false,false,false,false],[false,false,false,false,false,false],[false,false,false,false,false,false],[false,false,false,false,false,false],[false,false,false,false,false,false],[false,false,false,false,false,false],[false,false,false,false,false,false],[false,false,false,false,false,false],[false,false,false,false,false,false],[false,false,false,false,false,false],[false,false,false,false,false,false],[false,false,false,false,false,false],[false,false,false,false,false,false],[false,false,false,false,false,false],[false,false,false,false,false,false],[false,false,false,false,false,false],[false,false,false,false,false,false],[false,false,false,false,false,false],[false,false,false,false,false,false],[false,false,false,false,false,false],[false,false,false,false,false,false],[false,false,false,false,false,false]]}',_binary '{\"Rows\":[[false,false,false,false],[false,false,false,false],[false,false,false,false],[false,false,false,false],[false,false,false,false],[false,false,false,false],[false,false,false,false],[false,false,false,false],[false,false,false,false],[false,false,false,false],[false,false,false,false],[false,false,false,false],[false,false,false,false],[false,false,false,false],[false,false,false,false],[false,false,false,false],[false,false,false,false],[false,false,false,false],[false,false,false,false],[false,false,false,false]]}'),(7,'2023-11-18 16:07:03.570','2023-11-18 16:07:03.570',NULL,1,180,40,3,2,_binary '{\"Rows\":[[false,false,false,false,false,false],[false,false,false,false,false,false],[false,false,false,false,false,false],[false,false,false,false,false,false],[false,false,false,false,false,false],[false,false,false,false,false,false],[false,false,false,false,false,false],[false,false,false,false,false,false],[false,false,false,false,false,false],[false,false,false,false,false,false],[false,false,false,false,false,false],[false,false,false,false,false,false],[false,false,false,false,false,false],[false,false,false,false,false,false],[false,false,false,false,false,false],[false,false,false,false,false,false],[false,false,false,false,false,false],[false,false,false,false,false,false],[false,false,false,false,false,false],[false,false,false,false,false,false],[false,false,false,false,false,false],[false,false,false,false,false,false],[false,false,false,false,false,false],[false,false,false,false,false,false],[false,false,false,false,false,false],[false,false,false,false,false,false],[false,false,false,false,false,false],[false,false,false,false,false,false],[false,false,false,false,false,false],[false,false,false,false,false,false],[false,false,false,false,false,false],[false,false,false,false,false,false],[false,false,false,false,false,false],[false,false,false,false,false,false],[false,false,false,false,false,false],[false,false,false,false,false,false],[false,false,false,false,false,false],[false,false,false,false,false,false],[false,false,false,false,false,false],[false,false,false,false,false,false],[false,false,false,false,false,false],[false,false,false,false,false,false],[false,false,false,false,false,false],[false,false,false,false,false,false],[false,false,false,false,false,false],[false,false,false,false,false,false],[false,false,false,false,false,false],[false,false,false,false,false,false],[false,false,false,false,false,false],[false,false,false,false,false,false],[false,false,false,false,false,false],[false,false,false,false,false,false],[false,false,false,false,false,false],[false,false,false,false,false,false],[false,false,false,false,false,false],[false,false,false,false,false,false],[false,false,false,false,false,false],[false,false,false,false,false,false],[false,false,false,false,false,false],[false,false,false,false,false,false]]}',_binary '{\"Rows\":[[false,false,false,false],[false,false,false,false],[false,false,false,false],[false,false,false,false],[false,false,false,false],[false,false,false,false],[false,false,false,false],[false,false,false,false],[false,false,false,false],[false,false,false,false],[false,false,false,false],[false,false,false,false],[false,false,false,false],[false,false,false,false],[false,false,false,false],[false,false,false,false],[false,false,false,false],[false,false,false,false],[false,false,false,false],[false,false,false,false]]}'),(8,'2023-11-18 16:07:09.808','2023-11-18 16:07:09.808',NULL,1,200,50,4,2,_binary '{\"Rows\":[[false,false,false,false,false,false,false,false],[false,false,false,false,false,false,false,false],[false,false,false,false,false,false,false,false],[false,false,false,false,false,false,false,false],[false,false,false,false,false,false,false,false],[false,false,false,false,false,false,false,false],[false,false,false,false,false,false,false,false],[false,false,false,false,false,false,false,false],[false,false,false,false,false,false,false,false],[false,false,false,false,false,false,false,false],[false,false,false,false,false,false,false,false],[false,false,false,false,false,false,false,false],[false,false,false,false,false,false,false,false],[false,false,false,false,false,false,false,false],[false,false,false,false,false,false,false,false],[false,false,false,false,false,false,false,false],[false,false,false,false,false,false,false,false],[false,false,false,false,false,false,false,false],[false,false,false,false,false,false,false,false],[false,false,false,false,false,false,false,false],[false,false,false,false,false,false,false,false],[false,false,false,false,false,false,false,false],[false,false,false,false,false,false,false,false],[false,false,false,false,false,false,false,false],[false,false,false,false,false,false,false,false],[false,false,false,false,false,false,false,false],[false,false,false,false,false,false,false,false],[false,false,false,false,false,false,false,false],[false,false,false,false,false,false,false,false],[false,false,false,false,false,false,false,false],[false,false,false,false,false,false,false,false],[false,false,false,false,false,false,false,false],[false,false,false,false,false,false,false,false],[false,false,false,false,false,false,false,false],[false,false,false,false,false,false,false,false],[false,false,false,false,false,false,false,false],[false,false,false,false,false,false,false,false],[false,false,false,false,false,false,false,false],[false,false,false,false,false,false,false,false],[false,false,false,false,false,false,false,false],[false,false,false,false,false,false,false,false],[false,false,false,false,false,false,false,false],[false,false,false,false,false,false,false,false],[false,false,false,false,false,false,false,false],[false,false,false,false,false,false,false,false],[false,false,false,false,false,false,false,false],[false,false,false,false,false,false,false,false],[false,false,false,false,false,false,false,false],[false,false,false,false,false,false,false,false],[false,false,false,false,false,false,false,false]]}',_binary '{\"Rows\":[[false,false,false,false],[false,false,false,false],[false,false,false,false],[false,false,false,false],[false,false,false,false],[false,false,false,false],[false,false,false,false],[false,false,false,false],[false,false,false,false],[false,false,false,false],[false,false,false,false],[false,false,false,false],[false,false,false,false],[false,false,false,false],[false,false,false,false],[false,false,false,false],[false,false,false,false],[false,false,false,false],[false,false,false,false],[false,false,false,false],[false,false,false,false],[false,false,false,false],[false,false,false,false],[false,false,false,false],[false,false,false,false]]}');
/*!40000 ALTER TABLE `airline_seats` ENABLE KEYS */;
UNLOCK TABLES;

--
-- Table structure for table `airlines`
--

DROP TABLE IF EXISTS `airlines`;
/*!40101 SET @saved_cs_client     = @@character_set_client */;
/*!50503 SET character_set_client = utf8mb4 */;
CREATE TABLE `airlines` (
  `id` bigint unsigned NOT NULL AUTO_INCREMENT,
  `created_at` datetime(3) DEFAULT NULL,
  `updated_at` datetime(3) DEFAULT NULL,
  `deleted_at` datetime(3) DEFAULT NULL,
  `email` varchar(191) NOT NULL,
  `password` longtext,
  `airline_name` longtext,
  `company_address` longtext,
  `phone_number` longtext,
  `airline_code` varchar(191) NOT NULL,
  `airline_logo_link` longtext,
  `support_document_link` longtext,
  `is_account_locked` tinyint(1) DEFAULT '1',
  PRIMARY KEY (`id`),
  UNIQUE KEY `email` (`email`),
  UNIQUE KEY `airline_code` (`airline_code`),
  KEY `idx_airlines_deleted_at` (`deleted_at`)
) ENGINE=InnoDB AUTO_INCREMENT=6 DEFAULT CHARSET=utf8mb4 COLLATE=utf8mb4_0900_ai_ci;
/*!40101 SET character_set_client = @saved_cs_client */;

--
-- Dumping data for table `airlines`
--

LOCK TABLES `airlines` WRITE;
/*!40000 ALTER TABLE `airlines` DISABLE KEYS */;
INSERT INTO `airlines` VALUES (1,'2023-11-18 12:28:45.608','2023-11-18 12:29:21.367',NULL,'deltaairlines@example.com','$2a$10$oAFylrpTCnk2msEI09krSOwVa.KGkLi39Ih6Qw/qgvgcOtnmq8bWu','Delta Airlines','456 Oak Avenue','+1-555-987-6543','DL22','https://example.com/delta_logo.png','https://example.com/delta_documents.pdf',0),(2,'2023-11-18 12:31:01.736','2023-11-18 12:31:42.033',NULL,'emirates@example.com','$2a$10$NnPdpytDEALObXm9P3UDjOOmnKlFo5OGsJEL7PwLQIZIljjWrHtJq','Emirates','789 Pine Street','+1-555-567-8901','EK33','https://example.com/emirates_logo.png','https://example.com/emirates_documents.pdf',0),(3,'2023-11-18 12:32:14.954','2023-11-18 12:32:21.004',NULL,'lufthansa@example.com','$2a$10$hnULAJNFnoDIQXjea3OPDuXvO4BJdAm9yKUZghzco18y2JNa6/I1O','Lufthansa','101 Cedar Lane','+1-555-234-5678','LH44','https://example.com/lufthansa_logo.png','https://example.com/lufthansa_documents.pdf',0),(4,'2023-11-18 12:36:07.785','2023-11-18 12:36:15.467',NULL,'raedam786@gmail.com','$2a$10$6tv2zCiRSvB1AYkWJyaUBOCC0XrWaw0QESF1IQTDLUc2FFfzjq47S','Singapore Airlines','222 Maple Drive','+1-555-345-6789','SQ55','https://example.com/singaporeair_logo.png','https://example.com/singaporeair_documents.pdf',0),(5,'2024-01-26 20:26:27.466','2024-01-26 20:26:27.466',NULL,'raedam786@outlook.com','','Ethihad Airlines','222 Dubai Drive','+1-666-345-6789','EH55','https://example.com/ethihad_logo.png','https://example.com/ethihad_documents.pdf',1);
/*!40000 ALTER TABLE `airlines` ENABLE KEYS */;
UNLOCK TABLES;

--
-- Table structure for table `airports`
--

DROP TABLE IF EXISTS `airports`;
/*!40101 SET @saved_cs_client     = @@character_set_client */;
/*!50503 SET character_set_client = utf8mb4 */;
CREATE TABLE `airports` (
  `id` bigint unsigned NOT NULL AUTO_INCREMENT,
  `created_at` datetime(3) DEFAULT NULL,
  `updated_at` datetime(3) DEFAULT NULL,
  `deleted_at` datetime(3) DEFAULT NULL,
  `airport_code` varchar(191) DEFAULT NULL,
  `airport_name` varchar(191) DEFAULT NULL,
  `city` longtext,
  `country` longtext,
  `region` longtext,
  `latitude` double DEFAULT NULL,
  `longitude` double DEFAULT NULL,
  `iatafcs_code` varchar(191) DEFAULT NULL,
  `icao_code` varchar(191) DEFAULT NULL,
  `website` longtext,
  `contact_email` longtext,
  `contact_phone` longtext,
  `black_listed` tinyint(1) DEFAULT '0',
  PRIMARY KEY (`id`),
  UNIQUE KEY `airport_code` (`airport_code`),
  UNIQUE KEY `airport_name` (`airport_name`),
  UNIQUE KEY `latitude` (`latitude`),
  UNIQUE KEY `longitude` (`longitude`),
  UNIQUE KEY `iatafcs_code` (`iatafcs_code`),
  UNIQUE KEY `icao_code` (`icao_code`),
  KEY `idx_airports_deleted_at` (`deleted_at`)
) ENGINE=InnoDB AUTO_INCREMENT=7 DEFAULT CHARSET=utf8mb4 COLLATE=utf8mb4_0900_ai_ci;
/*!40101 SET character_set_client = @saved_cs_client */;

--
-- Dumping data for table `airports`
--

LOCK TABLES `airports` WRITE;
/*!40000 ALTER TABLE `airports` DISABLE KEYS */;
INSERT INTO `airports` VALUES (1,'2023-11-18 12:41:44.672','2023-11-18 12:41:44.672','2024-01-26 21:08:44.751','DEL','Indira Gandhi International Airport','New Delhi','India','Asia',28.6139,77.209,'IGI','VIDP','https://www.delhiairport.com','info@delhiairport.com','+91-11-2565-2420',0),(2,'2023-11-18 12:41:51.543','2023-11-18 12:41:51.543',NULL,'BOM','Chhatrapati Shivaji Maharaj International Airport','Mumbai','India','Asia',19.0896,72.8656,'CSM','VABB','https://www.csia.in','info@csia.in','+91-22-6685-1010',0),(3,'2023-11-18 12:41:57.696','2023-11-18 12:41:57.696',NULL,'BLR','Kempegowda International Airport','Bangalore','India','Asia',13.1986,77.7066,'KIA','VOBL','https://www.bengaluruairport.com','info@bengaluruairport.com','+91-80-6678-2425',0),(4,'2023-11-18 12:42:03.603','2023-11-18 12:42:03.603',NULL,'MAA','Chennai International Airport','Chennai','India','Asia',12.9944,80.18,'MAA','VOMM','https://www.chennaiairport.com','info@chennaiairport.com','+91-44-2256-0551',0),(5,'2023-11-18 12:42:25.409','2023-11-18 12:42:25.409',NULL,'HYD','Rajiv Gandhi International Airport','Hyderabad','India','Asia',17.2319,78.4297,'RGI','VOHS','https://www.hyderabad.aero','info@hyderabad.aero','+91-40-6654-6370',0),(6,'2024-01-03 19:10:55.323','2024-01-03 19:10:55.323',NULL,'COK','Cochin International Airport','Kochi','India','Asia',10.152,76.4017,'COK','VOCI','https://www.cial.aero','feedback@cial.aero','+91-484-2610115',0);
/*!40000 ALTER TABLE `airports` ENABLE KEYS */;
UNLOCK TABLES;

--
-- Table structure for table `booked_seats`
--

DROP TABLE IF EXISTS `booked_seats`;
/*!40101 SET @saved_cs_client     = @@character_set_client */;
/*!50503 SET character_set_client = utf8mb4 */;
CREATE TABLE `booked_seats` (
  `id` bigint unsigned NOT NULL AUTO_INCREMENT,
  `created_at` datetime(3) DEFAULT NULL,
  `updated_at` datetime(3) DEFAULT NULL,
  `deleted_at` datetime(3) DEFAULT NULL,
  `flight_chart_no` bigint DEFAULT NULL,
  `airline_id` bigint DEFAULT NULL,
  `economy_seat_total` bigint DEFAULT NULL,
  `business_seat_total` bigint DEFAULT NULL,
  `economy_seat_booked` bigint DEFAULT NULL,
  `business_seat_booked` bigint DEFAULT NULL,
  `economy_seat_layout` longblob,
  `business_seat_layout` longblob,
  `economy_seat_fare` float DEFAULT NULL,
  `business_seat_fare` float DEFAULT NULL,
  PRIMARY KEY (`id`),
  KEY `idx_booked_seats_deleted_at` (`deleted_at`)
) ENGINE=InnoDB AUTO_INCREMENT=14 DEFAULT CHARSET=utf8mb4 COLLATE=utf8mb4_0900_ai_ci;
/*!40101 SET character_set_client = @saved_cs_client */;

--
-- Dumping data for table `booked_seats`
--

LOCK TABLES `booked_seats` WRITE;
/*!40000 ALTER TABLE `booked_seats` DISABLE KEYS */;
INSERT INTO `booked_seats` VALUES (1,NULL,'2023-11-27 13:16:19.176',NULL,1,4,200,50,0,2,_binary '{\"Rows\":[[false,false,false,false,false,false,false,false],[false,false,false,false,false,false,false,false],[false,false,false,false,false,false,false,false],[false,false,false,false,false,false,false,false],[false,false,false,false,false,false,false,false],[false,false,false,false,false,false,false,false],[false,false,false,false,false,false,false,false],[false,false,false,false,false,false,false,false],[false,false,false,false,false,false,false,false],[false,false,false,false,false,false,false,false],[false,false,false,false,false,false,false,false],[false,false,false,false,false,false,false,false],[false,false,false,false,false,false,false,false],[false,false,false,false,false,false,false,false],[false,false,false,false,false,false,false,false],[false,false,false,false,false,false,false,false],[false,false,false,false,false,false,false,false],[false,false,false,false,false,false,false,false],[false,false,false,false,false,false,false,false],[false,false,false,false,false,false,false,false],[false,false,false,false,false,false,false,false],[false,false,false,false,false,false,false,false],[false,false,false,false,false,false,false,false],[false,false,false,false,false,false,false,false],[false,false,false,false,false,false,false,false],[false,false,false,false,false,false,false,false],[false,false,false,false,false,false,false,false],[false,false,false,false,false,false,false,false],[false,false,false,false,false,false,false,false],[false,false,false,false,false,false,false,false],[false,false,false,false,false,false,false,false],[false,false,false,false,false,false,false,false],[false,false,false,false,false,false,false,false],[false,false,false,false,false,false,false,false],[false,false,false,false,false,false,false,false],[false,false,false,false,false,false,false,false],[false,false,false,false,false,false,false,false],[false,false,false,false,false,false,false,false],[false,false,false,false,false,false,false,false],[false,false,false,false,false,false,false,false],[false,false,false,false,false,false,false,false],[false,false,false,false,false,false,false,false],[false,false,false,false,false,false,false,false],[false,false,false,false,false,false,false,false],[false,false,false,false,false,false,false,false],[false,false,false,false,false,false,false,false],[false,false,false,false,false,false,false,false],[false,false,false,false,false,false,false,false],[false,false,false,false,false,false,false,false],[false,false,false,false,false,false,false,false]]}',_binary '{\"Rows\":[[false,false,false,false],[false,false,true,false],[false,true,false,false],[false,false,false,false],[false,false,false,false],[false,true,true,false],[false,false,false,false],[false,false,false,false],[false,false,false,false],[false,false,false,false],[false,false,false,false],[false,false,false,false],[false,false,false,false],[false,false,false,false],[false,false,false,false],[false,false,false,false],[false,false,false,false],[false,false,false,false],[false,false,false,false],[false,false,false,false],[false,false,false,false],[false,false,false,false],[false,false,false,false],[false,false,false,false],[false,false,false,false]]}',0,0),(2,NULL,NULL,NULL,2,4,200,50,0,0,_binary '{\"Rows\":[[false,false,false,false,false,false,false,false],[false,false,false,false,false,false,false,false],[false,false,false,false,false,false,false,false],[false,false,false,false,false,false,false,false],[false,false,false,false,false,false,false,false],[false,false,false,false,false,false,false,false],[false,false,false,false,false,false,false,false],[false,false,false,false,false,false,false,false],[false,false,false,false,false,false,false,false],[false,false,false,false,false,false,false,false],[false,false,false,false,false,false,false,false],[false,false,false,false,false,false,false,false],[false,false,false,false,false,false,false,false],[false,false,false,false,false,false,false,false],[false,false,false,false,false,false,false,false],[false,false,false,false,false,false,false,false],[false,false,false,false,false,false,false,false],[false,false,false,false,false,false,false,false],[false,false,false,false,false,false,false,false],[false,false,false,false,false,false,false,false],[false,false,false,false,false,false,false,false],[false,false,false,false,false,false,false,false],[false,false,false,false,false,false,false,false],[false,false,false,false,false,false,false,false],[false,false,false,false,false,false,false,false],[false,false,false,false,false,false,false,false],[false,false,false,false,false,false,false,false],[false,false,false,false,false,false,false,false],[false,false,false,false,false,false,false,false],[false,false,false,false,false,false,false,false],[false,false,false,false,false,false,false,false],[false,false,false,false,false,false,false,false],[false,false,false,false,false,false,false,false],[false,false,false,false,false,false,false,false],[false,false,false,false,false,false,false,false],[false,false,false,false,false,false,false,false],[false,false,false,false,false,false,false,false],[false,false,false,false,false,false,false,false],[false,false,false,false,false,false,false,false],[false,false,false,false,false,false,false,false],[false,false,false,false,false,false,false,false],[false,false,false,false,false,false,false,false],[false,false,false,false,false,false,false,false],[false,false,false,false,false,false,false,false],[false,false,false,false,false,false,false,false],[false,false,false,false,false,false,false,false],[false,false,false,false,false,false,false,false],[false,false,false,false,false,false,false,false],[false,false,false,false,false,false,false,false],[false,false,false,false,false,false,false,false]]}',_binary '{\"Rows\":[[false,false,false,false],[false,false,false,false],[false,false,false,false],[false,false,false,false],[false,false,false,false],[false,false,false,false],[false,false,false,false],[false,false,false,false],[false,false,false,false],[false,false,false,false],[false,false,false,false],[false,false,false,false],[false,false,false,false],[false,false,false,false],[false,false,false,false],[false,false,false,false],[false,false,false,false],[false,false,false,false],[false,false,false,false],[false,false,false,false],[false,false,false,false],[false,false,false,false],[false,false,false,false],[false,false,false,false],[false,false,false,false]]}',0,0),(3,NULL,NULL,NULL,3,4,200,50,0,0,_binary '{\"Rows\":[[false,false,false,false,false,false,false,false],[false,false,false,false,false,false,false,false],[false,false,false,false,false,false,false,false],[false,false,false,false,false,false,false,false],[false,false,false,false,false,false,false,false],[false,false,false,false,false,false,false,false],[false,false,false,false,false,false,false,false],[false,false,false,false,false,false,false,false],[false,false,false,false,false,false,false,false],[false,false,false,false,false,false,false,false],[false,false,false,false,false,false,false,false],[false,false,false,false,false,false,false,false],[false,false,false,false,false,false,false,false],[false,false,false,false,false,false,false,false],[false,false,false,false,false,false,false,false],[false,false,false,false,false,false,false,false],[false,false,false,false,false,false,false,false],[false,false,false,false,false,false,false,false],[false,false,false,false,false,false,false,false],[false,false,false,false,false,false,false,false],[false,false,false,false,false,false,false,false],[false,false,false,false,false,false,false,false],[false,false,false,false,false,false,false,false],[false,false,false,false,false,false,false,false],[false,false,false,false,false,false,false,false],[false,false,false,false,false,false,false,false],[false,false,false,false,false,false,false,false],[false,false,false,false,false,false,false,false],[false,false,false,false,false,false,false,false],[false,false,false,false,false,false,false,false],[false,false,false,false,false,false,false,false],[false,false,false,false,false,false,false,false],[false,false,false,false,false,false,false,false],[false,false,false,false,false,false,false,false],[false,false,false,false,false,false,false,false],[false,false,false,false,false,false,false,false],[false,false,false,false,false,false,false,false],[false,false,false,false,false,false,false,false],[false,false,false,false,false,false,false,false],[false,false,false,false,false,false,false,false],[false,false,false,false,false,false,false,false],[false,false,false,false,false,false,false,false],[false,false,false,false,false,false,false,false],[false,false,false,false,false,false,false,false],[false,false,false,false,false,false,false,false],[false,false,false,false,false,false,false,false],[false,false,false,false,false,false,false,false],[false,false,false,false,false,false,false,false],[false,false,false,false,false,false,false,false],[false,false,false,false,false,false,false,false]]}',_binary '{\"Rows\":[[false,false,false,false],[false,false,false,false],[false,false,false,false],[false,false,false,false],[false,false,false,false],[false,false,false,false],[false,false,false,false],[false,false,false,false],[false,false,false,false],[false,false,false,false],[false,false,false,false],[false,false,false,false],[false,false,false,false],[false,false,false,false],[false,false,false,false],[false,false,false,false],[false,false,false,false],[false,false,false,false],[false,false,false,false],[false,false,false,false],[false,false,false,false],[false,false,false,false],[false,false,false,false],[false,false,false,false],[false,false,false,false]]}',0,0),(4,NULL,NULL,NULL,4,4,200,50,0,0,_binary '{\"Rows\":[[false,false,false,false,false,false,false,false],[false,false,false,false,false,false,false,false],[false,false,false,false,false,false,false,false],[false,false,false,false,false,false,false,false],[false,false,false,false,false,false,false,false],[false,false,false,false,false,false,false,false],[false,false,false,false,false,false,false,false],[false,false,false,false,false,false,false,false],[false,false,false,false,false,false,false,false],[false,false,false,false,false,false,false,false],[false,false,false,false,false,false,false,false],[false,false,false,false,false,false,false,false],[false,false,false,false,false,false,false,false],[false,false,false,false,false,false,false,false],[false,false,false,false,false,false,false,false],[false,false,false,false,false,false,false,false],[false,false,false,false,false,false,false,false],[false,false,false,false,false,false,false,false],[false,false,false,false,false,false,false,false],[false,false,false,false,false,false,false,false],[false,false,false,false,false,false,false,false],[false,false,false,false,false,false,false,false],[false,false,false,false,false,false,false,false],[false,false,false,false,false,false,false,false],[false,false,false,false,false,false,false,false],[false,false,false,false,false,false,false,false],[false,false,false,false,false,false,false,false],[false,false,false,false,false,false,false,false],[false,false,false,false,false,false,false,false],[false,false,false,false,false,false,false,false],[false,false,false,false,false,false,false,false],[false,false,false,false,false,false,false,false],[false,false,false,false,false,false,false,false],[false,false,false,false,false,false,false,false],[false,false,false,false,false,false,false,false],[false,false,false,false,false,false,false,false],[false,false,false,false,false,false,false,false],[false,false,false,false,false,false,false,false],[false,false,false,false,false,false,false,false],[false,false,false,false,false,false,false,false],[false,false,false,false,false,false,false,false],[false,false,false,false,false,false,false,false],[false,false,false,false,false,false,false,false],[false,false,false,false,false,false,false,false],[false,false,false,false,false,false,false,false],[false,false,false,false,false,false,false,false],[false,false,false,false,false,false,false,false],[false,false,false,false,false,false,false,false],[false,false,false,false,false,false,false,false],[false,false,false,false,false,false,false,false]]}',_binary '{\"Rows\":[[false,false,false,false],[false,false,false,false],[false,false,false,false],[false,false,false,false],[false,false,false,false],[false,false,false,false],[false,false,false,false],[false,false,false,false],[false,false,false,false],[false,false,false,false],[false,false,false,false],[false,false,false,false],[false,false,false,false],[false,false,false,false],[false,false,false,false],[false,false,false,false],[false,false,false,false],[false,false,false,false],[false,false,false,false],[false,false,false,false],[false,false,false,false],[false,false,false,false],[false,false,false,false],[false,false,false,false],[false,false,false,false]]}',0,0),(5,NULL,NULL,NULL,5,4,200,50,0,0,_binary '{\"Rows\":[[false,false,false,false,false,false,false,false],[false,false,false,false,false,false,false,false],[false,false,false,false,false,false,false,false],[false,false,false,false,false,false,false,false],[false,false,false,false,false,false,false,false],[false,false,false,false,false,false,false,false],[false,false,false,false,false,false,false,false],[false,false,false,false,false,false,false,false],[false,false,false,false,false,false,false,false],[false,false,false,false,false,false,false,false],[false,false,false,false,false,false,false,false],[false,false,false,false,false,false,false,false],[false,false,false,false,false,false,false,false],[false,false,false,false,false,false,false,false],[false,false,false,false,false,false,false,false],[false,false,false,false,false,false,false,false],[false,false,false,false,false,false,false,false],[false,false,false,false,false,false,false,false],[false,false,false,false,false,false,false,false],[false,false,false,false,false,false,false,false],[false,false,false,false,false,false,false,false],[false,false,false,false,false,false,false,false],[false,false,false,false,false,false,false,false],[false,false,false,false,false,false,false,false],[false,false,false,false,false,false,false,false],[false,false,false,false,false,false,false,false],[false,false,false,false,false,false,false,false],[false,false,false,false,false,false,false,false],[false,false,false,false,false,false,false,false],[false,false,false,false,false,false,false,false],[false,false,false,false,false,false,false,false],[false,false,false,false,false,false,false,false],[false,false,false,false,false,false,false,false],[false,false,false,false,false,false,false,false],[false,false,false,false,false,false,false,false],[false,false,false,false,false,false,false,false],[false,false,false,false,false,false,false,false],[false,false,false,false,false,false,false,false],[false,false,false,false,false,false,false,false],[false,false,false,false,false,false,false,false],[false,false,false,false,false,false,false,false],[false,false,false,false,false,false,false,false],[false,false,false,false,false,false,false,false],[false,false,false,false,false,false,false,false],[false,false,false,false,false,false,false,false],[false,false,false,false,false,false,false,false],[false,false,false,false,false,false,false,false],[false,false,false,false,false,false,false,false],[false,false,false,false,false,false,false,false],[false,false,false,false,false,false,false,false]]}',_binary '{\"Rows\":[[false,false,false,false],[false,false,false,false],[false,false,false,false],[false,false,false,false],[false,false,false,false],[false,false,false,false],[false,false,false,false],[false,false,false,false],[false,false,false,false],[false,false,false,false],[false,false,false,false],[false,false,false,false],[false,false,false,false],[false,false,false,false],[false,false,false,false],[false,false,false,false],[false,false,false,false],[false,false,false,false],[false,false,false,false],[false,false,false,false],[false,false,false,false],[false,false,false,false],[false,false,false,false],[false,false,false,false],[false,false,false,false]]}',0,0),(6,NULL,'2023-12-01 21:48:08.140',NULL,6,4,200,50,0,0,_binary '{\"Rows\":[[false,false,false,false,false,false,false,false],[false,false,false,false,false,false,false,false],[false,false,false,false,false,false,false,false],[false,false,false,false,false,false,false,false],[false,false,false,false,false,false,false,false],[false,false,false,false,false,false,false,false],[false,false,false,false,false,false,false,false],[false,false,false,false,false,false,false,false],[false,false,false,false,false,false,false,false],[false,false,false,false,false,false,false,false],[false,false,false,false,false,false,false,false],[false,false,false,false,false,false,false,false],[false,false,false,false,false,false,false,false],[false,false,false,false,false,false,false,false],[false,false,false,false,false,false,false,false],[false,false,false,false,false,false,false,false],[false,false,false,false,false,false,false,false],[false,false,false,false,false,false,false,false],[false,false,false,false,false,false,false,false],[false,false,false,false,false,false,false,false],[false,false,false,false,false,false,false,false],[false,false,false,false,false,false,false,false],[false,false,false,false,false,false,false,false],[false,false,false,false,false,false,false,false],[false,false,false,false,false,false,false,false],[false,false,false,false,false,false,false,false],[false,false,false,false,false,false,false,false],[false,false,false,false,false,false,false,false],[false,false,false,false,false,false,false,false],[false,false,false,false,false,false,false,false],[false,false,false,false,false,false,false,false],[false,false,false,false,false,false,false,false],[false,false,false,false,false,false,false,false],[false,false,false,false,false,false,false,false],[false,false,false,false,false,false,false,false],[false,false,false,false,false,false,false,false],[false,false,false,false,false,false,false,false],[false,false,false,false,false,false,false,false],[false,false,false,false,false,false,false,false],[false,false,false,false,false,false,false,false],[false,false,false,false,false,false,false,false],[false,false,false,false,false,false,false,false],[false,false,false,false,false,false,false,false],[false,false,false,false,false,false,false,false],[false,false,false,false,false,false,false,false],[false,false,false,false,false,false,false,false],[false,false,false,false,false,false,false,false],[false,false,false,false,false,false,false,false],[false,false,false,false,false,false,false,false],[false,false,false,false,false,false,false,false]]}',_binary '{\"Rows\":[[false,false,false,false],[false,false,false,false],[false,false,false,false],[false,false,false,false],[false,false,false,false],[false,false,false,false],[false,false,false,false],[false,false,false,false],[false,false,false,false],[false,false,false,false],[false,false,false,false],[false,false,false,false],[false,false,false,false],[false,false,false,false],[false,false,false,false],[false,false,false,false],[false,false,false,false],[false,false,false,false],[false,false,false,false],[false,false,false,false],[false,false,false,false],[false,false,false,false],[false,false,false,false],[false,false,false,false],[false,false,false,false]]}',0,0),(7,NULL,NULL,NULL,7,4,180,40,0,0,_binary '{\"Rows\":[[false,false,false,false,false,false],[false,false,false,false,false,false],[false,false,false,false,false,false],[false,false,false,false,false,false],[false,false,false,false,false,false],[false,false,false,false,false,false],[false,false,false,false,false,false],[false,false,false,false,false,false],[false,false,false,false,false,false],[false,false,false,false,false,false],[false,false,false,false,false,false],[false,false,false,false,false,false],[false,false,false,false,false,false],[false,false,false,false,false,false],[false,false,false,false,false,false],[false,false,false,false,false,false],[false,false,false,false,false,false],[false,false,false,false,false,false],[false,false,false,false,false,false],[false,false,false,false,false,false],[false,false,false,false,false,false],[false,false,false,false,false,false],[false,false,false,false,false,false],[false,false,false,false,false,false],[false,false,false,false,false,false],[false,false,false,false,false,false],[false,false,false,false,false,false],[false,false,false,false,false,false],[false,false,false,false,false,false],[false,false,false,false,false,false],[false,false,false,false,false,false],[false,false,false,false,false,false],[false,false,false,false,false,false],[false,false,false,false,false,false],[false,false,false,false,false,false],[false,false,false,false,false,false],[false,false,false,false,false,false],[false,false,false,false,false,false],[false,false,false,false,false,false],[false,false,false,false,false,false],[false,false,false,false,false,false],[false,false,false,false,false,false],[false,false,false,false,false,false],[false,false,false,false,false,false],[false,false,false,false,false,false],[false,false,false,false,false,false],[false,false,false,false,false,false],[false,false,false,false,false,false],[false,false,false,false,false,false],[false,false,false,false,false,false],[false,false,false,false,false,false],[false,false,false,false,false,false],[false,false,false,false,false,false],[false,false,false,false,false,false],[false,false,false,false,false,false],[false,false,false,false,false,false],[false,false,false,false,false,false],[false,false,false,false,false,false],[false,false,false,false,false,false],[false,false,false,false,false,false]]}',_binary '{\"Rows\":[[false,false,false,false],[false,false,false,false],[false,false,false,false],[false,false,false,false],[false,false,false,false],[false,false,false,false],[false,false,false,false],[false,false,false,false],[false,false,false,false],[false,false,false,false],[false,false,false,false],[false,false,false,false],[false,false,false,false],[false,false,false,false],[false,false,false,false],[false,false,false,false],[false,false,false,false],[false,false,false,false],[false,false,false,false],[false,false,false,false]]}',0,0),(8,NULL,NULL,NULL,8,4,180,40,0,0,_binary '{\"Rows\":[[false,false,false,false,false,false],[false,false,false,false,false,false],[false,false,false,false,false,false],[false,false,false,false,false,false],[false,false,false,false,false,false],[false,false,false,false,false,false],[false,false,false,false,false,false],[false,false,false,false,false,false],[false,false,false,false,false,false],[false,false,false,false,false,false],[false,false,false,false,false,false],[false,false,false,false,false,false],[false,false,false,false,false,false],[false,false,false,false,false,false],[false,false,false,false,false,false],[false,false,false,false,false,false],[false,false,false,false,false,false],[false,false,false,false,false,false],[false,false,false,false,false,false],[false,false,false,false,false,false],[false,false,false,false,false,false],[false,false,false,false,false,false],[false,false,false,false,false,false],[false,false,false,false,false,false],[false,false,false,false,false,false],[false,false,false,false,false,false],[false,false,false,false,false,false],[false,false,false,false,false,false],[false,false,false,false,false,false],[false,false,false,false,false,false],[false,false,false,false,false,false],[false,false,false,false,false,false],[false,false,false,false,false,false],[false,false,false,false,false,false],[false,false,false,false,false,false],[false,false,false,false,false,false],[false,false,false,false,false,false],[false,false,false,false,false,false],[false,false,false,false,false,false],[false,false,false,false,false,false],[false,false,false,false,false,false],[false,false,false,false,false,false],[false,false,false,false,false,false],[false,false,false,false,false,false],[false,false,false,false,false,false],[false,false,false,false,false,false],[false,false,false,false,false,false],[false,false,false,false,false,false],[false,false,false,false,false,false],[false,false,false,false,false,false],[false,false,false,false,false,false],[false,false,false,false,false,false],[false,false,false,false,false,false],[false,false,false,false,false,false],[false,false,false,false,false,false],[false,false,false,false,false,false],[false,false,false,false,false,false],[false,false,false,false,false,false],[false,false,false,false,false,false],[false,false,false,false,false,false]]}',_binary '{\"Rows\":[[false,false,false,false],[false,false,false,false],[false,false,false,false],[false,false,false,false],[false,false,false,false],[false,false,false,false],[false,false,false,false],[false,false,false,false],[false,false,false,false],[false,false,false,false],[false,false,false,false],[false,false,false,false],[false,false,false,false],[false,false,false,false],[false,false,false,false],[false,false,false,false],[false,false,false,false],[false,false,false,false],[false,false,false,false],[false,false,false,false]]}',0,0),(9,NULL,NULL,NULL,9,4,200,50,0,0,_binary '{\"Rows\":[[false,false,false,false,false,false,false,false],[false,false,false,false,false,false,false,false],[false,false,false,false,false,false,false,false],[false,false,false,false,false,false,false,false],[false,false,false,false,false,false,false,false],[false,false,false,false,false,false,false,false],[false,false,false,false,false,false,false,false],[false,false,false,false,false,false,false,false],[false,false,false,false,false,false,false,false],[false,false,false,false,false,false,false,false],[false,false,false,false,false,false,false,false],[false,false,false,false,false,false,false,false],[false,false,false,false,false,false,false,false],[false,false,false,false,false,false,false,false],[false,false,false,false,false,false,false,false],[false,false,false,false,false,false,false,false],[false,false,false,false,false,false,false,false],[false,false,false,false,false,false,false,false],[false,false,false,false,false,false,false,false],[false,false,false,false,false,false,false,false],[false,false,false,false,false,false,false,false],[false,false,false,false,false,false,false,false],[false,false,false,false,false,false,false,false],[false,false,false,false,false,false,false,false],[false,false,false,false,false,false,false,false],[false,false,false,false,false,false,false,false],[false,false,false,false,false,false,false,false],[false,false,false,false,false,false,false,false],[false,false,false,false,false,false,false,false],[false,false,false,false,false,false,false,false],[false,false,false,false,false,false,false,false],[false,false,false,false,false,false,false,false],[false,false,false,false,false,false,false,false],[false,false,false,false,false,false,false,false],[false,false,false,false,false,false,false,false],[false,false,false,false,false,false,false,false],[false,false,false,false,false,false,false,false],[false,false,false,false,false,false,false,false],[false,false,false,false,false,false,false,false],[false,false,false,false,false,false,false,false],[false,false,false,false,false,false,false,false],[false,false,false,false,false,false,false,false],[false,false,false,false,false,false,false,false],[false,false,false,false,false,false,false,false],[false,false,false,false,false,false,false,false],[false,false,false,false,false,false,false,false],[false,false,false,false,false,false,false,false],[false,false,false,false,false,false,false,false],[false,false,false,false,false,false,false,false],[false,false,false,false,false,false,false,false]]}',_binary '{\"Rows\":[[false,false,false,false],[false,false,false,false],[false,false,false,false],[false,false,false,false],[false,false,false,false],[false,false,false,false],[false,false,false,false],[false,false,false,false],[false,false,false,false],[false,false,false,false],[false,false,false,false],[false,false,false,false],[false,false,false,false],[false,false,false,false],[false,false,false,false],[false,false,false,false],[false,false,false,false],[false,false,false,false],[false,false,false,false],[false,false,false,false],[false,false,false,false],[false,false,false,false],[false,false,false,false],[false,false,false,false],[false,false,false,false]]}',0,0),(10,NULL,'2023-12-01 21:48:08.160',NULL,10,4,200,50,0,0,_binary '{\"Rows\":[[false,false,false,false,false,false,false,false],[false,false,false,false,false,false,false,false],[false,false,false,false,false,false,false,false],[false,false,false,false,false,false,false,false],[false,false,false,false,false,false,false,false],[false,false,false,false,false,false,false,false],[false,false,false,false,false,false,false,false],[false,false,false,false,false,false,false,false],[false,false,false,false,false,false,false,false],[false,false,false,false,false,false,false,false],[false,false,false,false,false,false,false,false],[false,false,false,false,false,false,false,false],[false,false,false,false,false,false,false,false],[false,false,false,false,false,false,false,false],[false,false,false,false,false,false,false,false],[false,false,false,false,false,false,false,false],[false,false,false,false,false,false,false,false],[false,false,false,false,false,false,false,false],[false,false,false,false,false,false,false,false],[false,false,false,false,false,false,false,false],[false,false,false,false,false,false,false,false],[false,false,false,false,false,false,false,false],[false,false,false,false,false,false,false,false],[false,false,false,false,false,false,false,false],[false,false,false,false,false,false,false,false],[false,false,false,false,false,false,false,false],[false,false,false,false,false,false,false,false],[false,false,false,false,false,false,false,false],[false,false,false,false,false,false,false,false],[false,false,false,false,false,false,false,false],[false,false,false,false,false,false,false,false],[false,false,false,false,false,false,false,false],[false,false,false,false,false,false,false,false],[false,false,false,false,false,false,false,false],[false,false,false,false,false,false,false,false],[false,false,false,false,false,false,false,false],[false,false,false,false,false,false,false,false],[false,false,false,false,false,false,false,false],[false,false,false,false,false,false,false,false],[false,false,false,false,false,false,false,false],[false,false,false,false,false,false,false,false],[false,false,false,false,false,false,false,false],[false,false,false,false,false,false,false,false],[false,false,false,false,false,false,false,false],[false,false,false,false,false,false,false,false],[false,false,false,false,false,false,false,false],[false,false,false,false,false,false,false,false],[false,false,false,false,false,false,false,false],[false,false,false,false,false,false,false,false],[false,false,false,false,false,false,false,false]]}',_binary '{\"Rows\":[[false,false,false,false],[false,false,false,false],[false,false,false,false],[false,false,false,false],[false,false,false,false],[false,false,false,false],[false,false,false,false],[false,false,false,false],[false,false,false,false],[false,false,false,false],[false,false,false,false],[false,false,false,false],[false,false,false,false],[false,false,false,false],[false,false,false,false],[false,false,false,false],[false,false,false,false],[false,false,false,false],[false,false,false,false],[false,false,false,false],[false,false,false,false],[false,false,false,false],[false,false,false,false],[false,false,false,false],[false,false,false,false]]}',0,0),(11,NULL,'2023-11-30 22:35:34.441',NULL,11,4,180,40,0,0,_binary '{\"Rows\":[[false,false,false,false,false,false],[false,false,false,false,false,false],[false,false,false,false,false,false],[false,false,false,false,false,false],[false,false,false,false,false,false],[false,false,false,false,false,false],[false,false,false,false,false,false],[false,false,false,false,false,false],[false,false,false,false,false,false],[false,false,false,false,false,false],[false,false,false,false,false,false],[false,false,false,false,false,false],[false,false,false,false,false,false],[false,false,false,false,false,false],[false,false,false,false,false,false],[false,false,false,false,false,false],[false,false,false,false,false,false],[false,false,false,false,false,false],[false,false,false,false,false,false],[false,false,false,false,false,false],[false,false,false,false,false,false],[false,false,false,false,false,false],[false,false,false,false,false,false],[false,false,false,false,false,false],[false,false,false,false,false,false],[false,false,false,false,false,false],[false,false,false,false,false,false],[false,false,false,false,false,false],[false,false,false,false,false,false],[false,false,false,false,false,false],[false,false,false,false,false,false],[false,false,false,false,false,false],[false,false,false,false,false,false],[false,false,false,false,false,false],[false,false,false,false,false,false],[false,false,false,false,false,false],[false,false,false,false,false,false],[false,false,false,false,false,false],[false,false,false,false,false,false],[false,false,false,false,false,false],[false,false,false,false,false,false],[false,false,false,false,false,false],[false,false,false,false,false,false],[false,false,false,false,false,false],[false,false,false,false,false,false],[false,false,false,false,false,false],[false,false,false,false,false,false],[false,false,false,false,false,false],[false,false,false,false,false,false],[false,false,false,false,false,false],[false,false,false,false,false,false],[false,false,false,false,false,false],[false,false,false,false,false,false],[false,false,false,false,false,false],[false,false,false,false,false,false],[false,false,false,false,false,false],[false,false,false,false,false,false],[false,false,false,false,false,false],[false,false,false,false,false,false],[false,false,false,false,false,false]]}',_binary '{\"Rows\":[[false,false,false,false],[false,false,false,false],[false,false,false,false],[false,false,false,false],[false,false,false,false],[false,false,false,false],[false,false,false,false],[false,false,false,false],[false,false,false,false],[false,false,false,false],[false,false,false,false],[false,false,false,false],[false,false,false,false],[false,false,false,false],[false,false,false,false],[false,false,false,false],[false,false,false,false],[false,false,false,false],[false,false,false,false],[false,false,false,false]]}',0,0),(12,NULL,NULL,NULL,12,4,180,40,0,0,_binary '{\"Rows\":[[false,false,false,false,false,false],[false,false,false,false,false,false],[false,false,false,false,false,false],[false,false,false,false,false,false],[false,false,false,false,false,false],[false,false,false,false,false,false],[false,false,false,false,false,false],[false,false,false,false,false,false],[false,false,false,false,false,false],[false,false,false,false,false,false],[false,false,false,false,false,false],[false,false,false,false,false,false],[false,false,false,false,false,false],[false,false,false,false,false,false],[false,false,false,false,false,false],[false,false,false,false,false,false],[false,false,false,false,false,false],[false,false,false,false,false,false],[false,false,false,false,false,false],[false,false,false,false,false,false],[false,false,false,false,false,false],[false,false,false,false,false,false],[false,false,false,false,false,false],[false,false,false,false,false,false],[false,false,false,false,false,false],[false,false,false,false,false,false],[false,false,false,false,false,false],[false,false,false,false,false,false],[false,false,false,false,false,false],[false,false,false,false,false,false],[false,false,false,false,false,false],[false,false,false,false,false,false],[false,false,false,false,false,false],[false,false,false,false,false,false],[false,false,false,false,false,false],[false,false,false,false,false,false],[false,false,false,false,false,false],[false,false,false,false,false,false],[false,false,false,false,false,false],[false,false,false,false,false,false],[false,false,false,false,false,false],[false,false,false,false,false,false],[false,false,false,false,false,false],[false,false,false,false,false,false],[false,false,false,false,false,false],[false,false,false,false,false,false],[false,false,false,false,false,false],[false,false,false,false,false,false],[false,false,false,false,false,false],[false,false,false,false,false,false],[false,false,false,false,false,false],[false,false,false,false,false,false],[false,false,false,false,false,false],[false,false,false,false,false,false],[false,false,false,false,false,false],[false,false,false,false,false,false],[false,false,false,false,false,false],[false,false,false,false,false,false],[false,false,false,false,false,false],[false,false,false,false,false,false]]}',_binary '{\"Rows\":[[false,false,false,false],[false,false,false,false],[false,false,false,false],[false,false,false,false],[false,false,false,false],[false,false,false,false],[false,false,false,false],[false,false,false,false],[false,false,false,false],[false,false,false,false],[false,false,false,false],[false,false,false,false],[false,false,false,false],[false,false,false,false],[false,false,false,false],[false,false,false,false],[false,false,false,false],[false,false,false,false],[false,false,false,false],[false,false,false,false]]}',0,0),(13,NULL,NULL,NULL,13,4,180,40,0,0,_binary '{\"Rows\":[[false,false,false,false,false,false],[false,false,false,false,false,false],[false,false,false,false,false,false],[false,false,false,false,false,false],[false,false,false,false,false,false],[false,false,false,false,false,false],[false,false,false,false,false,false],[false,false,false,false,false,false],[false,false,false,false,false,false],[false,false,false,false,false,false],[false,false,false,false,false,false],[false,false,false,false,false,false],[false,false,false,false,false,false],[false,false,false,false,false,false],[false,false,false,false,false,false],[false,false,false,false,false,false],[false,false,false,false,false,false],[false,false,false,false,false,false],[false,false,false,false,false,false],[false,false,false,false,false,false],[false,false,false,false,false,false],[false,false,false,false,false,false],[false,false,false,false,false,false],[false,false,false,false,false,false],[false,false,false,false,false,false],[false,false,false,false,false,false],[false,false,false,false,false,false],[false,false,false,false,false,false],[false,false,false,false,false,false],[false,false,false,false,false,false],[false,false,false,false,false,false],[false,false,false,false,false,false],[false,false,false,false,false,false],[false,false,false,false,false,false],[false,false,false,false,false,false],[false,false,false,false,false,false],[false,false,false,false,false,false],[false,false,false,false,false,false],[false,false,false,false,false,false],[false,false,false,false,false,false],[false,false,false,false,false,false],[false,false,false,false,false,false],[false,false,false,false,false,false],[false,false,false,false,false,false],[false,false,false,false,false,false],[false,false,false,false,false,false],[false,false,false,false,false,false],[false,false,false,false,false,false],[false,false,false,false,false,false],[false,false,false,false,false,false],[false,false,false,false,false,false],[false,false,false,false,false,false],[false,false,false,false,false,false],[false,false,false,false,false,false],[false,false,false,false,false,false],[false,false,false,false,false,false],[false,false,false,false,false,false],[false,false,false,false,false,false],[false,false,false,false,false,false],[false,false,false,false,false,false]]}',_binary '{\"Rows\":[[false,false,false,false],[false,false,false,false],[false,false,false,false],[false,false,false,false],[false,false,false,false],[false,false,false,false],[false,false,false,false],[false,false,false,false],[false,false,false,false],[false,false,false,false],[false,false,false,false],[false,false,false,false],[false,false,false,false],[false,false,false,false],[false,false,false,false],[false,false,false,false],[false,false,false,false],[false,false,false,false],[false,false,false,false],[false,false,false,false]]}',0,0);
/*!40000 ALTER TABLE `booked_seats` ENABLE KEYS */;
UNLOCK TABLES;

--
-- Table structure for table `flight_charts`
--

DROP TABLE IF EXISTS `flight_charts`;
/*!40101 SET @saved_cs_client     = @@character_set_client */;
/*!50503 SET character_set_client = utf8mb4 */;
CREATE TABLE `flight_charts` (
  `id` bigint unsigned NOT NULL AUTO_INCREMENT,
  `created_at` datetime(3) DEFAULT NULL,
  `updated_at` datetime(3) DEFAULT NULL,
  `deleted_at` datetime(3) DEFAULT NULL,
  `flight_number` longtext NOT NULL,
  `flight_id` bigint unsigned NOT NULL,
  `status` bigint DEFAULT '0',
  `schedule_id` bigint unsigned NOT NULL,
  `economy_fare` double DEFAULT NULL,
  `business_fare` double DEFAULT NULL,
  `departed` tinyint(1) DEFAULT '0',
  `departure_airport` longtext,
  `arrival_airport` longtext,
  PRIMARY KEY (`id`),
  KEY `idx_flight_charts_deleted_at` (`deleted_at`),
  KEY `fk_flight_charts_schedule` (`schedule_id`),
  KEY `fk_flight_charts_flight` (`flight_id`),
  CONSTRAINT `fk_flight_charts_flight` FOREIGN KEY (`flight_id`) REFERENCES `flight_fleets` (`id`),
  CONSTRAINT `fk_flight_charts_schedule` FOREIGN KEY (`schedule_id`) REFERENCES `schedules` (`id`)
) ENGINE=InnoDB AUTO_INCREMENT=14 DEFAULT CHARSET=utf8mb4 COLLATE=utf8mb4_0900_ai_ci;
/*!40101 SET character_set_client = @saved_cs_client */;

--
-- Dumping data for table `flight_charts`
--

LOCK TABLES `flight_charts` WRITE;
/*!40000 ALTER TABLE `flight_charts` DISABLE KEYS */;
INSERT INTO `flight_charts` VALUES (1,'2023-11-18 18:54:55.108','2023-11-28 14:16:10.270',NULL,'DL22-001',1,0,1,6837.354587144812,12990.973715575143,0,'',''),(2,'2023-11-18 19:09:32.103','2023-11-28 14:16:10.283',NULL,'DL22-002',2,0,1,6837.354587144812,12990.973715575143,0,NULL,NULL),(3,'2023-11-18 19:21:25.157','2023-11-28 14:16:10.462',NULL,'DL22-002',2,0,7,4972.927551983327,9448.562348768322,0,NULL,NULL),(4,'2023-11-18 19:24:32.705','2023-11-28 14:16:11.013',NULL,'DL22-001',1,0,2,4972.927551983327,9448.562348768322,0,NULL,NULL),(5,'2023-11-18 19:24:44.220','2023-11-28 14:16:11.532',NULL,'DL22-001',1,0,8,1602.32232707795,3044.4124214481044,0,NULL,NULL),(6,'2023-11-18 19:48:56.922','2023-11-28 14:16:11.601',NULL,'LH44-006',6,0,18,6837.354587144812,12990.973715575143,0,NULL,NULL),(7,'2023-11-18 19:49:11.075','2023-11-28 14:16:11.615',NULL,'LH44-007',7,0,19,6164.021740692477,11711.641307315705,0,NULL,NULL),(8,'2023-11-18 19:50:13.830','2023-11-28 14:16:11.638',NULL,'SQ55-008',8,0,20,3023.3303774000583,5744.32771706011,0,NULL,NULL),(9,'2023-11-18 19:50:20.900','2023-11-28 14:16:11.704',NULL,'SQ55-009',9,0,21,7579.925948974822,14401.859303052162,0,NULL,NULL),(10,'2023-11-19 19:31:53.261','2023-11-28 14:16:11.716',NULL,'EK33-003',3,0,22,3713.595507048508,7055.831463392165,0,NULL,NULL),(11,'2023-11-19 19:42:11.862','2023-11-28 14:16:12.135',NULL,'EK33-004',4,0,5,7579.925948974822,14401.859303052162,0,NULL,NULL),(13,'2023-11-28 11:56:13.141','2023-11-28 14:16:12.149',NULL,'EK33-004',4,0,6,6837.354587144812,12990.973715575143,0,NULL,NULL);
/*!40000 ALTER TABLE `flight_charts` ENABLE KEYS */;
UNLOCK TABLES;
/*!50003 SET @saved_cs_client      = @@character_set_client */ ;
/*!50003 SET @saved_cs_results     = @@character_set_results */ ;
/*!50003 SET @saved_col_connection = @@collation_connection */ ;
/*!50003 SET character_set_client  = utf8mb4 */ ;
/*!50003 SET character_set_results = utf8mb4 */ ;
/*!50003 SET collation_connection  = utf8mb4_0900_ai_ci */ ;
/*!50003 SET @saved_sql_mode       = @@sql_mode */ ;
/*!50003 SET sql_mode              = 'ONLY_FULL_GROUP_BY,STRICT_TRANS_TABLES,NO_ZERO_IN_DATE,NO_ZERO_DATE,ERROR_FOR_DIVISION_BY_ZERO,NO_ENGINE_SUBSTITUTION' */ ;
DELIMITER ;;
/*!50003 CREATE*/ /*!50017 DEFINER=`root`@`localhost`*/ /*!50003 TRIGGER `create_booked_seat` AFTER INSERT ON `flight_charts` FOR EACH ROW BEGIN
    DECLARE airline INT;
    DECLARE economy_seat_no INT;
    DECLARE business_seat_no INT;
    DECLARE economy_seats BLOB;
    DECLARE busin_seat_layout BLOB;
    #     DECLARE new_booked_seat_id INT;

    -- Fetch the seat data from the AirlineSeat table
    SELECT airline_id, economy_seat_number, business_seat_number, economy_seat_layout, business_seat_layout
    INTO airline, economy_seat_no, business_seat_no, economy_seats, busin_seat_layout
    FROM airline_seats
    WHERE id = (SELECT seat_id FROM flight_fleets WHERE flight_fleets.flight_number = NEW.flight_number);

    -- Insert the seat data into the BookedSeat table
    INSERT INTO booked_seats (flight_chart_no, airline_id, economy_seat_total, business_seat_total, economy_seat_layout, business_seat_layout, economy_seat_fare, business_seat_fare, economy_seat_booked, business_seat_booked)
    VALUES (NEW.id, airline, economy_seat_no, business_seat_no, economy_seats, busin_seat_layout, 0, 0, 0, 0);

END */;;
DELIMITER ;
/*!50003 SET sql_mode              = @saved_sql_mode */ ;
/*!50003 SET character_set_client  = @saved_cs_client */ ;
/*!50003 SET character_set_results = @saved_cs_results */ ;
/*!50003 SET collation_connection  = @saved_col_connection */ ;

--
-- Table structure for table `flight_fleets`
--

DROP TABLE IF EXISTS `flight_fleets`;
/*!40101 SET @saved_cs_client     = @@character_set_client */;
/*!50503 SET character_set_client = utf8mb4 */;
CREATE TABLE `flight_fleets` (
  `id` bigint unsigned NOT NULL AUTO_INCREMENT,
  `created_at` datetime(3) DEFAULT NULL,
  `updated_at` datetime(3) DEFAULT NULL,
  `deleted_at` datetime(3) DEFAULT NULL,
  `flight_number` varchar(191) NOT NULL,
  `airline_id` bigint unsigned NOT NULL,
  `seat_id` bigint unsigned NOT NULL,
  `flight_type_id` bigint unsigned NOT NULL,
  `baggage_policy_id` bigint unsigned NOT NULL,
  `cancellation_policy_id` bigint unsigned NOT NULL,
  `maintenance` tinyint(1) DEFAULT '0',
  `is_in_service` tinyint(1) DEFAULT '1',
  PRIMARY KEY (`id`),
  UNIQUE KEY `flight_number` (`flight_number`),
  KEY `idx_flight_fleets_deleted_at` (`deleted_at`),
  KEY `fk_flight_fleets_airline` (`airline_id`),
  KEY `fk_flight_fleets_seat` (`seat_id`),
  KEY `fk_flight_fleets_flight_type` (`flight_type_id`),
  KEY `fk_flight_fleets_baggage` (`baggage_policy_id`),
  KEY `fk_flight_fleets_cancellation` (`cancellation_policy_id`),
  CONSTRAINT `fk_flight_fleets_airline` FOREIGN KEY (`airline_id`) REFERENCES `airlines` (`id`),
  CONSTRAINT `fk_flight_fleets_baggage` FOREIGN KEY (`baggage_policy_id`) REFERENCES `airline_baggages` (`id`),
  CONSTRAINT `fk_flight_fleets_cancellation` FOREIGN KEY (`cancellation_policy_id`) REFERENCES `airline_cancellations` (`id`),
  CONSTRAINT `fk_flight_fleets_flight_type` FOREIGN KEY (`flight_type_id`) REFERENCES `flight_type_models` (`id`),
  CONSTRAINT `fk_flight_fleets_seat` FOREIGN KEY (`seat_id`) REFERENCES `airline_seats` (`id`)
) ENGINE=InnoDB AUTO_INCREMENT=10 DEFAULT CHARSET=utf8mb4 COLLATE=utf8mb4_0900_ai_ci;
/*!40101 SET character_set_client = @saved_cs_client */;

--
-- Dumping data for table `flight_fleets`
--

LOCK TABLES `flight_fleets` WRITE;
/*!40000 ALTER TABLE `flight_fleets` DISABLE KEYS */;
INSERT INTO `flight_fleets` VALUES (1,'2023-11-18 16:12:19.603','2023-11-18 16:12:19.603',NULL,'DL22-001',1,1,1,2,2,0,1),(2,'2023-11-18 16:13:01.799','2023-11-18 16:13:01.799',NULL,'DL22-002',1,1,1,2,2,0,1),(3,'2023-11-18 16:14:00.379','2023-11-18 16:14:00.379',NULL,'EK33-003',2,1,1,1,2,0,1),(4,'2023-11-18 16:14:36.692','2023-11-18 16:14:36.692',NULL,'EK33-004',2,2,1,2,3,0,1),(5,'2023-11-18 16:15:26.447','2023-11-18 16:15:26.447',NULL,'EK33-005',2,1,1,2,2,0,1),(6,'2023-11-18 16:15:55.831','2023-11-18 16:15:55.831',NULL,'LH44-006',3,1,1,2,2,0,1),(7,'2023-11-18 16:16:04.353','2023-11-18 16:16:04.353',NULL,'LH44-007',3,2,1,2,3,0,1),(8,'2023-11-18 16:16:41.155','2023-11-18 16:16:41.155',NULL,'SQ55-008',4,2,1,2,3,0,1),(9,'2023-11-18 16:16:47.672','2023-11-18 16:16:47.672',NULL,'SQ55-009',4,1,1,1,2,0,1);
/*!40000 ALTER TABLE `flight_fleets` ENABLE KEYS */;
UNLOCK TABLES;

--
-- Table structure for table `flight_type_models`
--

DROP TABLE IF EXISTS `flight_type_models`;
/*!40101 SET @saved_cs_client     = @@character_set_client */;
/*!50503 SET character_set_client = utf8mb4 */;
CREATE TABLE `flight_type_models` (
  `id` bigint unsigned NOT NULL AUTO_INCREMENT,
  `created_at` datetime(3) DEFAULT NULL,
  `updated_at` datetime(3) DEFAULT NULL,
  `deleted_at` datetime(3) DEFAULT NULL,
  `type` longtext NOT NULL,
  `flight_model` varchar(191) NOT NULL,
  `description` longtext NOT NULL,
  `manufacturer_name` longtext NOT NULL,
  `manufacturer_country` longtext NOT NULL,
  `max_distance` int NOT NULL,
  `cruise_speed` int NOT NULL,
  PRIMARY KEY (`id`),
  UNIQUE KEY `flight_model` (`flight_model`),
  KEY `idx_flight_type_models_deleted_at` (`deleted_at`)
) ENGINE=InnoDB AUTO_INCREMENT=6 DEFAULT CHARSET=utf8mb4 COLLATE=utf8mb4_0900_ai_ci;
/*!40101 SET character_set_client = @saved_cs_client */;

--
-- Dumping data for table `flight_type_models`
--

LOCK TABLES `flight_type_models` WRITE;
/*!40000 ALTER TABLE `flight_type_models` DISABLE KEYS */;
INSERT INTO `flight_type_models` VALUES (1,'2023-11-18 12:24:03.100','2023-11-18 12:24:03.100',NULL,'COMMERCIAL','B777','A popular long-range, wide-body commercial airliner manufactured by Boeing.','Boeing','United States',8100,560),(2,'2023-11-18 12:24:23.737','2023-11-18 12:24:23.737',NULL,'COMMERCIAL','A320','A short to medium-range, narrow-body commercial airliner manufactured by Airbus.','Airbus','France',3500,530),(3,'2023-11-18 12:24:34.568','2023-11-18 12:24:34.568',NULL,'COMMERCIAL','E190','A medium-range, narrow-body commercial jet manufactured by Embraer.','Embraer','Brazil',2600,540),(4,'2023-11-18 12:24:46.221','2023-11-18 12:24:46.221',NULL,'COMMERCIAL','Q400','A turboprop-powered commercial airliner known for its short takeoff and landing capabilities.','Bombardier','Canada',1500,360),(5,'2023-11-18 12:25:05.867','2023-11-18 12:25:05.867',NULL,'COMMERCIAL','B787','A long-range, wide-body commercial airliner with advanced features, manufactured by Boeing.','Boeing','United States',8500,560);
/*!40000 ALTER TABLE `flight_type_models` ENABLE KEYS */;
UNLOCK TABLES;

--
-- Table structure for table `schedules`
--

DROP TABLE IF EXISTS `schedules`;
/*!40101 SET @saved_cs_client     = @@character_set_client */;
/*!50503 SET character_set_client = utf8mb4 */;
CREATE TABLE `schedules` (
  `id` bigint unsigned NOT NULL AUTO_INCREMENT,
  `created_at` datetime(3) DEFAULT NULL,
  `updated_at` datetime(3) DEFAULT NULL,
  `deleted_at` datetime(3) DEFAULT NULL,
  `departure_time` longtext,
  `arrival_time` longtext,
  `departure_date` longtext,
  `arrival_date` longtext,
  `departure_airport` longtext,
  `arrival_airport` longtext,
  `departure_date_time` datetime(3) DEFAULT NULL,
  `arrival_date_time` datetime(3) DEFAULT NULL,
  `scheduled` tinyint(1) DEFAULT '0',
  PRIMARY KEY (`id`),
  KEY `idx_schedules_deleted_at` (`deleted_at`)
) ENGINE=InnoDB AUTO_INCREMENT=27 DEFAULT CHARSET=utf8mb4 COLLATE=utf8mb4_0900_ai_ci;
/*!40101 SET character_set_client = @saved_cs_client */;

--
-- Dumping data for table `schedules`
--

LOCK TABLES `schedules` WRITE;
/*!40000 ALTER TABLE `schedules` DISABLE KEYS */;
INSERT INTO `schedules` VALUES (1,'2023-11-18 16:25:09.315','2023-11-19 16:52:24.393',NULL,'08:00','10:00','01/01/2023','01/01/2023','DEL','BOM','2023-01-01 08:00:00.000','2023-01-01 10:00:00.000',0),(2,'2023-11-18 16:25:14.703','2023-11-19 16:52:24.395',NULL,'12:30','14:30','06/01/2023','06/01/2023','BOM','BLR','2023-01-06 12:30:00.000','2023-01-06 14:30:00.000',0),(3,'2023-11-18 16:25:20.490','2023-11-19 16:52:24.396',NULL,'15:45','17:45','11/01/2023','11/01/2023','BLR','MAA','2023-01-11 15:45:00.000','2023-01-11 17:45:00.000',0),(4,'2023-11-18 16:25:27.199','2023-11-19 16:52:24.397',NULL,'09:15','11:15','16/01/2023','16/01/2023','MAA','HYD','2023-01-16 09:15:00.000','2023-01-16 11:15:00.000',0),(5,'2023-11-18 16:25:32.378','2023-11-19 16:52:24.398',NULL,'14:00','16:00','21/02/2023','21/02/2023','HYD','DEL','2023-01-21 14:00:00.000','2023-01-21 16:00:00.000',0),(6,'2023-11-18 16:25:37.395','2023-11-19 16:52:24.398',NULL,'08:30','10:30','26/01/2023','26/01/2023','DEL','BOM','2023-01-26 08:30:00.000','2023-01-26 10:30:00.000',0),(7,'2023-11-18 16:25:43.078','2023-11-19 16:52:24.400',NULL,'13:45','15:45','31/01/2023','31/01/2023','BOM','BLR','2023-01-31 13:45:00.000','2023-01-31 15:45:00.000',0),(8,'2023-11-18 16:25:48.158','2023-11-19 16:52:24.401',NULL,'16:00','18:00','05/02/2023','05/02/2023','BLR','MAA','2023-02-05 16:00:00.000','2023-02-05 18:00:00.000',0),(9,'2023-11-18 16:25:55.171','2023-11-19 16:52:24.401',NULL,'10:30','12:30','10/02/2023','10/02/2023','MAA','HYD','2023-02-10 10:30:00.000','2023-02-10 12:30:00.000',0),(10,'2023-11-18 16:26:00.544','2023-11-19 16:52:24.402',NULL,'15:15','17:15','15/02/2023','15/02/2023','HYD','DEL','2023-02-15 15:15:00.000','2023-02-15 17:15:00.000',0),(11,'2023-11-18 16:27:11.531','2023-11-19 16:52:24.403',NULL,'10:30','12:30','01/01/2023','01/01/2023','BOM','BLR','2023-01-01 10:30:00.000','2023-01-01 12:30:00.000',0),(12,'2023-11-18 16:27:17.145','2023-11-19 16:52:24.403',NULL,'15:00','17:00','06/01/2023','06/01/2023','BLR','MAA','2023-01-06 15:00:00.000','2023-01-06 17:00:00.000',0),(13,'2023-11-18 16:27:22.764','2023-11-19 16:52:24.404',NULL,'18:15','20:15','11/01/2023','11/01/2023','MAA','HYD','2023-01-11 18:15:00.000','2023-01-11 20:15:00.000',0),(14,'2023-11-18 16:27:32.013','2023-11-19 16:52:24.405',NULL,'10:00','12:00','26/01/2023','26/01/2023','BOM','BLR','2023-01-26 10:00:00.000','2023-01-26 12:00:00.000',0),(15,'2023-11-18 16:27:38.436','2023-11-19 16:52:24.406',NULL,'14:15','16:15','31/01/2023','31/01/2023','BLR','MAA','2023-01-31 14:15:00.000','2023-01-31 16:15:00.000',0),(16,'2023-11-18 16:27:44.184','2023-11-19 16:52:24.406',NULL,'12:00','14:00','10/02/2023','10/02/2023','HYD','DEL','2023-02-10 12:00:00.000','2023-02-10 14:00:00.000',0),(17,'2023-11-18 16:27:49.499','2023-11-19 16:52:24.407',NULL,'16:45','18:45','15/02/2023','15/02/2023','DEL','BOM','2023-02-15 16:45:00.000','2023-02-15 18:45:00.000',0),(18,'2023-11-18 19:45:44.250','2023-11-19 16:52:24.408',NULL,'16:45','18:45','20/02/2023','20/02/2023','DEL','BOM','2023-02-20 16:45:00.000','2023-02-20 18:45:00.000',0),(19,'2023-11-18 19:46:22.089','2023-11-19 16:52:24.408',NULL,'20:45','21:45','20/02/2023','20/02/2023','BOM','MAA','2023-02-20 20:45:00.000','2023-02-20 21:45:00.000',0),(20,'2023-11-18 19:46:51.727','2023-11-19 16:52:24.409',NULL,'22:55','23:55','20/02/2023','20/02/2023','MAA','HYD','2023-02-20 22:55:00.000','2023-02-20 23:55:00.000',0),(21,'2023-11-18 19:47:14.059','2023-11-19 16:52:24.410',NULL,'19:55','20:55','20/02/2023','20/02/2023','DEL','HYD','2023-02-20 19:55:00.000','2023-02-20 20:55:00.000',0),(22,'2023-11-19 17:06:01.629','2023-11-19 17:06:01.633',NULL,'20:55','22:00','20/02/2023','20/02/2023','BOM','HYD','2023-02-20 20:55:00.000','2023-02-20 22:00:00.000',0),(25,'2023-11-19 17:14:40.124','2023-11-19 17:14:40.126',NULL,'21:55','23:10','23/02/2023','23/02/2023','MAA','BOM','2023-02-23 21:55:00.000','2023-02-23 23:10:00.000',0),(26,'2023-11-19 17:16:05.778','2023-11-19 17:16:05.782',NULL,'20:55','22:15','20/02/2023','20/02/2023','BOM','HYD','2023-02-20 20:55:00.000','2023-02-20 22:15:00.000',0);
/*!40000 ALTER TABLE `schedules` ENABLE KEYS */;
UNLOCK TABLES;
/*!40103 SET TIME_ZONE=@OLD_TIME_ZONE */;

/*!40101 SET SQL_MODE=@OLD_SQL_MODE */;
/*!40014 SET FOREIGN_KEY_CHECKS=@OLD_FOREIGN_KEY_CHECKS */;
/*!40014 SET UNIQUE_CHECKS=@OLD_UNIQUE_CHECKS */;
/*!40101 SET CHARACTER_SET_CLIENT=@OLD_CHARACTER_SET_CLIENT */;
/*!40101 SET CHARACTER_SET_RESULTS=@OLD_CHARACTER_SET_RESULTS */;
/*!40101 SET COLLATION_CONNECTION=@OLD_COLLATION_CONNECTION */;
/*!40111 SET SQL_NOTES=@OLD_SQL_NOTES */;

-- Dump completed on 2024-01-27 19:14:54
